Genus,Family,Family Common Name
Abelia,LINNAEACEAE,Twinflower Family
Abelmoschus,MALVACEAE,Mallow Family
Abutilon,MALVACEAE,Mallow Family
Acalypha,EUPHORBIACEAE,Spurge Family
Acanthospermum,ASTERACEAE,Aster/Composite Family
Acer,ACERACEAE,Maple Family
Achillea,ASTERACEAE,Aster/Composite Family
Achyranthes,AMARANTHACEAE,Amaranth Family
Acicarpha,CALYCERACEAE,Calycera Family
Acmella,ASTERACEAE,Aster/Composite Family
Acmispon,FABACEAE,Legume Family
Aconitum,RANUNCULACEAE,Buttercup/Crowfoot Family
Acorus,ACORACEAE,Calamus Family
Actaea,RANUNCULACEAE,Buttercup/Crowfoot Family
Adiantum,PTERIDACEAE,Maidenhair Family
Adonis,RANUNCULACEAE,Buttercup/Crowfoot Family
Aegilops,POACEAE,Grass Family
Aeschynomene,FABACEAE,Legume Family
Aesculus,HIPPOCASTANACEAE,Horse-Chestnut Family
Aethusa,APIACEAE,Carrot/Parsley Family
Agalinis,OROBANCHACEAE,Broomrape Family
Agarista,ERICACEAE,Heath Family
Agastache,LAMIACEAE,Mint Family
Agave,AGAVACEAE,Century-Plant Family
Ageratina,ASTERACEAE,Aster/Composite Family
Ageratum,ASTERACEAE,Aster/Composite Family
Agrimonia,ROSACEAE,Rose Family
Agrostemma,CARYOPHYLLACEAE,Pink Family
Agrostis,POACEAE,Grass Family
Ailanthus,SIMAROUBACEAE,Quassia Family
Aira,POACEAE,Grass Family
Ajuga,LAMIACEAE,Mint Family
Akebia,LARDIZABALACEAE,Lardizabala Family
Albizia,FABACEAE,Legume Family
Alcea,MALVACEAE,Mallow Family
Aletris,NARTHECIACEAE,Bog-Asphodel Family
Alisma,ALISMATACEAE,Water-Plantain Family
Alliaria,BRASSICACEAE,Mustard Family
Allium,ALLIACEAE,Onion Family
Alnus,BETULACEAE,Birch Family
Alopecurus,POACEAE,Grass Family
Alstroemeria,ALSTROEMERIACEAE,Peruvian-Lily Family
Alternanthera,AMARANTHACEAE,Amaranth Family
Alysicarpus,FABACEAE,Legume Family
Alyssum,BRASSICACEAE,Mustard Family
Amaranthus,AMARANTHACEAE,Amaranth Family
Ambrosia,ASTERACEAE,Aster/Composite Family
Amelanchier,ROSACEAE,Rose Family
Amianthium,MELANTHIACEAE,Bunchflower Family
Ammannia,LYTHRACEAE,Loosestrife Family
Ammi,APIACEAE,Carrot/Parsley Family
Ammoselinum,APIACEAE,Carrot/Parsley Family
Amorpha,FABACEAE,Legume Family
Ampelopsis,VITACEAE,Grape Family
Amphiachyris,ASTERACEAE,Aster/Composite Family
Amphicarpaea,FABACEAE,Legume Family
Amphicarpum,POACEAE,Grass Family
Amsonia,APOCYNACEAE,Dogbane Family
Anagallis,LYSIMACHIACEAE,Yellow-Loosestrife Family
Andropogon,POACEAE,Grass Family
Anemone,RANUNCULACEAE,Buttercup/Crowfoot Family
Anethum,APIACEAE,Carrot/Parsley Family
Angelica,APIACEAE,Carrot/Parsley Family
Anoda,MALVACEAE,Mallow Family
Antennaria,ASTERACEAE,Aster/Composite Family
Anthemis,ASTERACEAE,Aster/Composite Family
Anthenantia,POACEAE,Grass Family
Anthoxanthum,POACEAE,Grass Family
Anthriscus,APIACEAE,Carrot/Parsley Family
Antigonon,POLYGONACEAE,Buckwheat Family
Antirrhinum,PLANTAGINACEAE,Plantain Family
Aphanes,ROSACEAE,Rose Family
Apios,FABACEAE,Legume Family
Aplectrum,ORCHIDACEAE,Orchid Family
Apocynum,APOCYNACEAE,Dogbane Family
Apteria,BURMANNIACEAE,Burmannia Family
Aquilegia,RANUNCULACEAE,Buttercup/Crowfoot Family
Arabidopsis,BRASSICACEAE,Mustard Family
Arabis,BRASSICACEAE,Mustard Family
Arachis,FABACEAE,Legume Family
Aralia,ARALIACEAE,Ginseng Family
Arctium,ASTERACEAE,Aster/Composite Family
Ardisia,MYRSINACEAE,Colicwood Family
Arenaria,CARYOPHYLLACEAE,Pink Family
Argemone,PAPAVERACEAE,Poppy Family
Arisaema,ARACEAE,Arum Family
Aristida,POACEAE,Grass Family
Arivela,CLEOMACEAE,Spider-Flower/Cleome Family
Arnica,ASTERACEAE,Aster/Composite Family
Arnoglossum,ASTERACEAE,Aster/Composite Family
Aronia,ROSACEAE,Rose Family
Arrhenatherum,POACEAE,Grass Family
Artemisia,ASTERACEAE,Aster/Composite Family
Arthraxon,POACEAE,Grass Family
Aruncus,ROSACEAE,Rose Family
Arundinaria,POACEAE,Grass Family
Arundo,POACEAE,Grass Family
Asarum,ARISTOLOCHIACEAE,Birthwort Family
Asclepias,APOCYNACEAE,Dogbane Family
Asemeia,POLYGALACEAE,Milkwort Family
Asimina,ANNONACEAE,Custard-Apple Family
Asparagus,ASPARAGACEAE,Asparagus Family
Aspidistra,RUSCACEAE,Ruscus Family
Asplenium,ASPLENIACEAE,Spleenwort Family
Aster,ASTERACEAE,Aster/Composite Family
Astilbe,SAXIFRAGACEAE,Saxifrage Family
Astragalus,FABACEAE,Legume Family
Astranthium,ASTERACEAE,Aster/Composite Family
Astrolepis,PTERIDACEAE,Maidenhair Family
Asystasia,ACANTHACEAE,Acanthus/Bear’s-Breeches Family
Athyrium,ATHYRIACEAE,Lady Fern Family
Atriplex,CHENOPODIACEAE,Goosefoot Family
Aureolaria,OROBANCHACEAE,Broomrape Family
Avena,POACEAE,Grass Family
Axonopus,POACEAE,Grass Family
Azolla,SALVINIACEAE,Floating Fern Family
Baccharis,ASTERACEAE,Aster/Composite Family
Bacopa,PLANTAGINACEAE,Plantain Family
Balduina,ASTERACEAE,Aster/Composite Family
Ballota,LAMIACEAE,Mint Family
Baptisia,FABACEAE,Legume Family
Barbarea,BRASSICACEAE,Mustard Family
Bartonia,GENTIANACEAE,Gentian Family
Basella,BASELLACEAE,Country-Spinach Family
Bassia,CHENOPODIACEAE,Goosefoot Family
Batis,BATACEAE,Saltwort Family
Begonia,BEGONIACEAE,Begonia Family
Berberis,BERBERIDACEAE,Barberry Family
Berchemia,RHAMNACEAE,Buckthorn Family
Berlandiera,ASTERACEAE,Aster/Composite Family
Betula,BETULACEAE,Birch Family
Bidens,ASTERACEAE,Aster/Composite Family
Bifora,APIACEAE,Carrot/Parsley Family
Bigelowia,ASTERACEAE,Aster/Composite Family
Bignonia,BIGNONIACEAE,Trumpet-Creeper/Bignonia Family
Blechnum,BLECHNACEAE,Chain Fern Family
Blephilia,LAMIACEAE,Mint Family
Boechera,BRASSICACEAE,Mustard Family
Boehmeria,URTICACEAE,Nettle Family
Boerhavia,NYCTAGINACEAE,Four-O'clock Family
Bolboschoenus,CYPERACEAE,Sedge Family
Boltonia,ASTERACEAE,Aster/Composite Family
Borrichia,ASTERACEAE,Aster/Composite Family
Bothriochloa,POACEAE,Grass Family
Botrypus,OPHIOGLOSSACEAE,Adder's-Tongue Family
Bouchea,VERBENACEAE,Verbena Family
Bouteloua,POACEAE,Grass Family
Bowlesia,APIACEAE,Carrot/Parsley Family
Boykinia,SAXIFRAGACEAE,Saxifrage Family
Brachyelytrum,POACEAE,Grass Family
Bradburia,ASTERACEAE,Aster/Composite Family
Brasenia,CABOMBACEAE,Water-Shield Family
Brassica,BRASSICACEAE,Mustard Family
Brickellia,ASTERACEAE,Aster/Composite Family
Brintonia,ASTERACEAE,Aster/Composite Family
Briza,POACEAE,Grass Family
Bromus,POACEAE,Grass Family
Broussonetia,MORACEAE,Mulberry Family
Brunnichia,POLYGONACEAE,Buckwheat Family
Bryophyllum,CRASSULACEAE,Stonecrop Family
Buchnera,OROBANCHACEAE,Broomrape Family
Buddleja,SCROPHULARIACEAE,Figwort Family
Buglossoides,BORAGINACEAE,Borage Family
Bulbostylis,CYPERACEAE,Sedge Family
Bupleurum,APIACEAE,Carrot/Parsley Family
Burmannia,BURMANNIACEAE,Burmannia Family
Buxus,BUXACEAE,Boxwood Family
Cabomba,CABOMBACEAE,Water-Shield Family
Cakile,BRASSICACEAE,Mustard Family
Calamagrostis,POACEAE,Grass Family
Calamovilfa,POACEAE,Grass Family
Calibrachoa,SOLANACEAE,Nightshade/Potato Family
Callicarpa,LAMIACEAE,Mint Family
Callirhoe,MALVACEAE,Mallow Family
Callisia,COMMELINACEAE,Spiderwort Family
Callitriche,PLANTAGINACEAE,Plantain Family
Calopogon,ORCHIDACEAE,Orchid Family
Calycanthus,CALYCANTHACEAE,Strawberry-Shrub Family
Calycocarpum,MENISPERMACEAE,Moonseed Family
Calyptocarpus,ASTERACEAE,Aster/Composite Family
Calystegia,CONVOLVULACEAE,Morning-Glory Family
Camassia,HYACINTHACEAE,Hyacinth Family
Camelina,BRASSICACEAE,Mustard Family
Campanula,CAMPANULACEAE,Bellflower Family
Campanulastrum,CAMPANULACEAE,Bellflower Family
Campsis,BIGNONIACEAE,Trumpet-Creeper/Bignonia Family
Canna,CANNACEAE,Canna Family
Cannabis,CANNABACEAE,Hemp/Hops Family
Caperonia,EUPHORBIACEAE,Spurge Family
Capsella,BRASSICACEAE,Mustard Family
Capsicum,SOLANACEAE,Nightshade/Potato Family
Cardamine,BRASSICACEAE,Mustard Family
Cardiospermum,SAPINDACEAE,Soapberry Family
Carduus,ASTERACEAE,Aster/Composite Family
Carex,CYPERACEAE,Sedge Family
Carphephorus,ASTERACEAE,Aster/Composite Family
Carpinus,BETULACEAE,Birch Family
Carthamus,ASTERACEAE,Aster/Composite Family
Cartrema,OLEACEAE,Olive Family
Carya,JUGLANDACEAE,Walnut Family
Castanea,FAGACEAE,Beech Family
Castilleja,OROBANCHACEAE,Broomrape Family
Casuarina,CASUARINACEAE,She-Oak Family
Catalpa,BIGNONIACEAE,Trumpet-Creeper/Bignonia Family
Catharanthus,APOCYNACEAE,Dogbane Family
Caulophyllum,BERBERIDACEAE,Barberry Family
Cayaponia,CUCURBITACEAE,Cucumber Family
Cayratia,VITACEAE,Grape Family
Ceanothus,RHAMNACEAE,Buckthorn Family
Celastrus,CELASTRACEAE,Bittersweet Family
Celosia,AMARANTHACEAE,Amaranth Family
Celtis,CELTIDACEAE,Hackberry Family
Cenchrus,POACEAE,Grass Family
Centaurea,ASTERACEAE,Aster/Composite Family
Centaurium,GENTIANACEAE,Gentian Family
Centella,APIACEAE,Carrot/Parsley Family
Centrosema,FABACEAE,Legume Family
Cephalanthus,RUBIACEAE,Madder/Coffee Family
Cerastium,CARYOPHYLLACEAE,Pink Family
Ceratiola,ERICACEAE,Heath Family
Ceratophyllum,CERATOPHYLLACEAE,Hornwort Family
Ceratopteris,PTERIDACEAE,Maidenhair Family
Cercis,FABACEAE,Legume Family
Chaenomeles,ROSACEAE,Rose Family
Chaenorrhinum,PLANTAGINACEAE,Plantain Family
Chaerophyllum,APIACEAE,Carrot/Parsley Family
Chaiturus,LAMIACEAE,Mint Family
Chamaecrista,FABACEAE,Legume Family
Chamaecyparis,CUPRESSACEAE,Cypress Family
Chamaelirium,MELANTHIACEAE,Bunchflower Family
Chaptalia,ASTERACEAE,Aster/Composite Family
Chasmanthium,POACEAE,Grass Family
Cheilanthes,PTERIDACEAE,Maidenhair Family
Chelone,PLANTAGINACEAE,Plantain Family
Chenopodium,CHENOPODIACEAE,Goosefoot Family
Chimaphila,ERICACEAE,Heath Family
Chionanthus,OLEACEAE,Olive Family
Chloris,POACEAE,Grass Family
Christella,THELYPTERIDACEAE,Marsh Fern Family
Chromolaena,ASTERACEAE,Aster/Composite Family
Chrozophora,EUPHORBIACEAE,Spurge Family
Chrysanthemum,ASTERACEAE,Aster/Composite Family
Chrysogonum,ASTERACEAE,Aster/Composite Family
Chrysoma,ASTERACEAE,Aster/Composite Family
Chrysopsis,ASTERACEAE,Aster/Composite Family
Chrysosplenium,SAXIFRAGACEAE,Saxifrage Family
Cicer,FABACEAE,Legume Family
Cichorium,ASTERACEAE,Aster/Composite Family
Cicuta,APIACEAE,Carrot/Parsley Family
Cinna,POACEAE,Grass Family
Cinnamomum,LAURACEAE,Laurel Family
Circaea,ONAGRACEAE,Evening-Primrose Family
Cirsium,ASTERACEAE,Aster/Composite Family
Cissus,VITACEAE,Grape Family
Citrullus,CUCURBITACEAE,Cucumber Family
Citrus,RUTACEAE,Citrus/Rue Family
Cladanthus,ASTERACEAE,Aster/Composite Family
Cladium,CYPERACEAE,Sedge Family
Cladrastis,FABACEAE,Legume Family
Claytonia,MONTIACEAE,Candy-Flower Family
Cleistesiopsis,ORCHIDACEAE,Orchid Family
Clematis,RANUNCULACEAE,Buttercup/Crowfoot Family
Clerodendrum,LAMIACEAE,Mint Family
Clethra,CLETHRACEAE,White-Alder/Pepperbush Family
Cliftonia,CYRILLACEAE,Titi Family
Clinopodium,LAMIACEAE,Mint Family
Clitoria,FABACEAE,Legume Family
Cnidoscolus,EUPHORBIACEAE,Spurge Family
Cocculus,MENISPERMACEAE,Moonseed Family
Coelorachis,POACEAE,Grass Family
Coleataenia,POACEAE,Grass Family
Collinsia,PLANTAGINACEAE,Plantain Family
Collinsonia,LAMIACEAE,Mint Family
Colocasia,ARACEAE,Arum Family
Comandra,COMANDRACEAE,Bastard-Toadflax Family
Commelina,COMMELINACEAE,Spiderwort Family
Conium,APIACEAE,Carrot/Parsley Family
Conoclinium,ASTERACEAE,Aster/Composite Family
Conopholis,OROBANCHACEAE,Broomrape Family
Conradina,LAMIACEAE,Mint Family
Conringia,BRASSICACEAE,Mustard Family
Convallaria,RUSCACEAE,Ruscus Family
Convolvulus,CONVOLVULACEAE,Morning-Glory Family
Conyza,ASTERACEAE,Aster/Composite Family
Cooperia,AMARYLLIDACEAE,Amaryllis Family
Corallorhiza,ORCHIDACEAE,Orchid Family
Corchorus,TILIACEAE,Linden Family
Coreopsis,ASTERACEAE,Aster/Composite Family
Cornus,CORNACEAE,Dogwood Family
Cortaderia,POACEAE,Grass Family
Corydalis,PAPAVERACEAE,Poppy Family
Corylus,BETULACEAE,Birch Family
Cosmos,ASTERACEAE,Aster/Composite Family
Cotinus,ANACARDIACEAE,Sumac/Cashew Family
Crataegus,ROSACEAE,Rose Family
Crepidomanes,HYMENOPHYLLACEAE,Filmy Fern Family
Crepis,ASTERACEAE,Aster/Composite Family
Crinum,AMARYLLIDACEAE,Amaryllis Family
Crocanthemum,CISTACEAE,Rock-Rose Family
Crocosmia,IRIDACEAE,Iris Family
Croomia,STEMONACEAE,Stemona Family
Croptilon,ASTERACEAE,Aster/Composite Family
Crotalaria,FABACEAE,Legume Family
Croton,EUPHORBIACEAE,Spurge Family
Cryptotaenia,APIACEAE,Carrot/Parsley Family
Ctenium,POACEAE,Grass Family
Cucumis,CUCURBITACEAE,Cucumber Family
Cucurbita,CUCURBITACEAE,Cucumber Family
Cunila,LAMIACEAE,Mint Family
Cunninghamia,CUPRESSACEAE,Cypress Family
Cuphea,LYTHRACEAE,Loosestrife Family
Cupressus,CUPRESSACEAE,Cypress Family
Cuscuta,CONVOLVULACEAE,Morning-Glory Family
Cycas,CYCADACEAE,Cycas Family
Cycloloma,CHENOPODIACEAE,Goosefoot Family
Cyclospermum,APIACEAE,Carrot/Parsley Family
Cynanchum,APOCYNACEAE,Dogbane Family
Cynodon,POACEAE,Grass Family
Cynoglossum,BORAGINACEAE,Borage Family
Cynosciadium,APIACEAE,Carrot/Parsley Family
Cynosurus,POACEAE,Grass Family
Cyperus,CYPERACEAE,Sedge Family
Cypripedium,ORCHIDACEAE,Orchid Family
Cyrilla,CYRILLACEAE,Titi Family
Cyrtomium,DRYOPTERIDACEAE,Wood Fern Family
Cystopteris,CYSTOPTERIDACEAE,Bladder Fern Family
Cytisus,FABACEAE,Legume Family
Dactylis,POACEAE,Grass Family
Dactyloctenium,POACEAE,Grass Family
Dalea,FABACEAE,Legume Family
Danthonia,POACEAE,Grass Family
Dasistoma,OROBANCHACEAE,Broomrape Family
Datura,SOLANACEAE,Nightshade/Potato Family
Daucus,APIACEAE,Carrot/Parsley Family
Decodon,LYTHRACEAE,Loosestrife Family
Decumaria,HYDRANGEACEAE,Hydrangea Family
Delphinium,RANUNCULACEAE,Buttercup/Crowfoot Family
Dendrolycopodium,LYCOPODIACEAE,Clubmoss Family
Dennstaedtia,DENNSTAEDTIACEAE,Bracken Fern Family
Deparia,ATHYRIACEAE,Lady Fern Family
Deschampsia,POACEAE,Grass Family
Descurainia,BRASSICACEAE,Mustard Family
Desmanthus,FABACEAE,Legume Family
Desmazeria,POACEAE,Grass Family
Desmodium,FABACEAE,Legume Family
Deutzia,HYDRANGEACEAE,Hydrangea Family
Diamorpha,CRASSULACEAE,Stonecrop Family
Dianthus,CARYOPHYLLACEAE,Pink Family
Diaperia,ASTERACEAE,Aster/Composite Family
Diarrhena,POACEAE,Grass Family
Dicentra,PAPAVERACEAE,Poppy Family
Dicerandra,LAMIACEAE,Mint Family
Dichanthelium,POACEAE,Grass Family
Dichondra,CONVOLVULACEAE,Morning-Glory Family
Dichrostachys,FABACEAE,Legume Family
Dicliptera,ACANTHACEAE,Acanthus/Bear’s-Breeches Family
Dicranopteris,GLEICHENIACEAE,Forking Fern Family
Didiplis,LYTHRACEAE,Loosestrife Family
Didymoglossum,HYMENOPHYLLACEAE,Filmy Fern Family
Diervilla,DIERVILLACEAE,Bush-Honeysuckle Family
Digitaria,POACEAE,Grass Family
Diodia,RUBIACEAE,Madder/Coffee Family
Dioscorea,DIOSCOREACEAE,Yam Family
Diospyros,EBENACEAE,Ebony Family
Diphasiastrum,LYCOPODIACEAE,Clubmoss Family
Diplazium,ATHYRIACEAE,Lady Fern Family
Diplotaxis,BRASSICACEAE,Mustard Family
Dipsacus,DIPSACACEAE,Teasel Family
Dirca,THYMELAEACEAE,Mezereum Family
Distichlis,POACEAE,Grass Family
Ditrysinia,EUPHORBIACEAE,Spurge Family
Dodecatheon,PRIMULACEAE,Primrose Family
Doellingeria,ASTERACEAE,Aster/Composite Family
Draba,BRASSICACEAE,Mustard Family
Dracopis,ASTERACEAE,Aster/Composite Family
Drosera,DROSERACEAE,Sundew Family
Drymaria,CARYOPHYLLACEAE,Pink Family
Dryopteris,DRYOPTERIDACEAE,Wood Fern Family
Duchesnea,ROSACEAE,Rose Family
Dulichium,CYPERACEAE,Sedge Family
Dyschoriste,ACANTHACEAE,Acanthus/Bear’s-Breeches Family
Dysphania,CHENOPODIACEAE,Goosefoot Family
Echinacea,ASTERACEAE,Aster/Composite Family
Echinochloa,POACEAE,Grass Family
Echinodorus,ALISMATACEAE,Water-Plantain Family
Eclipta,ASTERACEAE,Aster/Composite Family
Egeria,HYDROCHARITACEAE,Tape-Grass Family
Eichhornia,PONTEDERIACEAE,Water-Hyacinth Family
Elaeagnus,ELAEAGNACEAE,Oleaster Family
Elatine,ELATINACEAE,Waterwort Family
Eleocharis,CYPERACEAE,Sedge Family
Elephantopus,ASTERACEAE,Aster/Composite Family
Eleusine,POACEAE,Grass Family
Elodea,HYDROCHARITACEAE,Tape-Grass Family
Elymus,POACEAE,Grass Family
Emilia,ASTERACEAE,Aster/Composite Family
Endodeca,ARISTOLOCHIACEAE,Birthwort Family
Enemion,RANUNCULACEAE,Buttercup/Crowfoot Family
Enteropogon,POACEAE,Grass Family
Epidendrum,ORCHIDACEAE,Orchid Family
Epifagus,OROBANCHACEAE,Broomrape Family
Epigaea,ERICACEAE,Heath Family
Epilobium,ONAGRACEAE,Evening-Primrose Family
Equisetum,EQUISETACEAE,Horsetail Family
Eragrostis,POACEAE,Grass Family
Erechtites,ASTERACEAE,Aster/Composite Family
Eremochloa,POACEAE,Grass Family
Erigenia,APIACEAE,Carrot/Parsley Family
Erigeron,ASTERACEAE,Aster/Composite Family
Eriocaulon,ERIOCAULACEAE,Pipewort Family
Eriochloa,POACEAE,Grass Family
Eriogonum,POLYGONACEAE,Buckwheat Family
Erodium,GERANIACEAE,Geranium Family
Erucastrum,BRASSICACEAE,Mustard Family
Eryngium,APIACEAE,Carrot/Parsley Family
Erysimum,BRASSICACEAE,Mustard Family
Erythrina,FABACEAE,Legume Family
Erythronium,LILIACEAE,Lily Family
Eschscholzia,PAPAVERACEAE,Poppy Family
Eubotrys,ERICACEAE,Heath Family
Euonymus,CELASTRACEAE,Bittersweet Family
Eupatorium,ASTERACEAE,Aster/Composite Family
Euphorbia,EUPHORBIACEAE,Spurge Family
Eurybia,ASTERACEAE,Aster/Composite Family
Eustachys,POACEAE,Grass Family
Eustoma,GENTIANACEAE,Gentian Family
Euthamia,ASTERACEAE,Aster/Composite Family
Eutrochium,ASTERACEAE,Aster/Composite Family
Evolvulus,CONVOLVULACEAE,Morning-Glory Family
Facelis,ASTERACEAE,Aster/Composite Family
Fagopyrum,POLYGONACEAE,Buckwheat Family
Fagus,FAGACEAE,Beech Family
Fallopia,POLYGONACEAE,Buckwheat Family
Fatoua,MORACEAE,Mulberry Family
Festuca,POACEAE,Grass Family
Ficaria,RANUNCULACEAE,Buttercup/Crowfoot Family
Ficus,MORACEAE,Mulberry Family
Fimbristylis,CYPERACEAE,Sedge Family
Firmiana,STERCULIACEAE,Sterculia Family
Flaveria,ASTERACEAE,Aster/Composite Family
Fleischmannia,ASTERACEAE,Aster/Composite Family
Forestiera,OLEACEAE,Olive Family
Forsythia,OLEACEAE,Olive Family
Fothergilla,HAMAMELIDACEAE,Witch-Hazel Family
Fragaria,ROSACEAE,Rose Family
Frangula,RHAMNACEAE,Buckthorn Family
Frasera,GENTIANACEAE,Gentian Family
Fraxinus,OLEACEAE,Olive Family
Froelichia,AMARANTHACEAE,Amaranth Family
Fuirena,CYPERACEAE,Sedge Family
Fumaria,PAPAVERACEAE,Poppy Family
Gaillardia,ASTERACEAE,Aster/Composite Family
Galactia,FABACEAE,Legume Family
Galanthus,AMARYLLIDACEAE,Amaryllis Family
Galax,DIAPENSIACEAE,Diapensia Family
Galearis,ORCHIDACEAE,Orchid Family
Galinsoga,ASTERACEAE,Aster/Composite Family
Galium,RUBIACEAE,Madder/Coffee Family
Gamochaeta,ASTERACEAE,Aster/Composite Family
Gaudinia,POACEAE,Grass Family
Gaultheria,ERICACEAE,Heath Family
Gaylussacia,ERICACEAE,Heath Family
Gelsemium,GELSEMIACEAE,Jessamine Family
Gentiana,GENTIANACEAE,Gentian Family
Geranium,GERANIACEAE,Geranium Family
Geum,ROSACEAE,Rose Family
Gillenia,ROSACEAE,Rose Family
Gladiolus,IRIDACEAE,Iris Family
Glandularia,VERBENACEAE,Verbena Family
Glebionis,ASTERACEAE,Aster/Composite Family
Glechoma,LAMIACEAE,Mint Family
Gleditsia,FABACEAE,Legume Family
Glochidion,PHYLLANTHACEAE,Leaf-Flower Family
Glyceria,POACEAE,Grass Family
Glycine,FABACEAE,Legume Family
Gomphrena,AMARANTHACEAE,Amaranth Family
Gonolobus,APOCYNACEAE,Dogbane Family
Goodyera,ORCHIDACEAE,Orchid Family
Gordonia,THEACEAE,Tea/Camellia Family
Gossypium,MALVACEAE,Mallow Family
Gratiola,PLANTAGINACEAE,Plantain Family
Grindelia,ASTERACEAE,Aster/Composite Family
Guizotia,ASTERACEAE,Aster/Composite Family
Gymnocladus,FABACEAE,Legume Family
Gymnopogon,POACEAE,Grass Family
Gynandropsis,CLEOMACEAE,Spider-Flower/Cleome Family
Gypsophila,CARYOPHYLLACEAE,Pink Family
Habenaria,ORCHIDACEAE,Orchid Family
Habranthus,AMARYLLIDACEAE,Amaryllis Family
Hackelia,BORAGINACEAE,Borage Family
Hackelochloa,POACEAE,Grass Family
Halesia,STYRACACEAE,Storax Family
Halodule,CYMODOCEACEAE,Manatee-Grass Family
Hamamelis,HAMAMELIDACEAE,Witch-Hazel Family
Harperella,APIACEAE,Carrot/Parsley Family
Hedeoma,LAMIACEAE,Mint Family
Hedera,ARALIACEAE,Ginseng Family
Hedychium,ZINGIBERACEAE,Ginger Family
Helanthium,ALISMATACEAE,Water-Plantain Family
Helenium,ASTERACEAE,Aster/Composite Family
Helianthus,ASTERACEAE,Aster/Composite Family
Heliopsis,ASTERACEAE,Aster/Composite Family
Heliotropium,BORAGINACEAE,Borage Family
Hemerocallis,HEMEROCALLIDACEAE,Day-Lily Family
Hemiscola,CLEOMACEAE,Spider-Flower/Cleome Family
Hesperis,BRASSICACEAE,Mustard Family
Heteranthera,PONTEDERIACEAE,Water-Hyacinth Family
Heteropogon,POACEAE,Grass Family
Heterotheca,ASTERACEAE,Aster/Composite Family
Heuchera,SAXIFRAGACEAE,Saxifrage Family
Hexalectris,ORCHIDACEAE,Orchid Family
Hexastylis,ARISTOLOCHIACEAE,Birthwort Family
Hibiscus,MALVACEAE,Mallow Family
Hieracium,ASTERACEAE,Aster/Composite Family
Holcus,POACEAE,Grass Family
Holosteum,CARYOPHYLLACEAE,Pink Family
Hordeum,POACEAE,Grass Family
Hottonia,PRIMULACEAE,Primrose Family
Houstonia,RUBIACEAE,Madder/Coffee Family
Houttuynia,SAURURACEAE,Lizard's-Tail Family
Humulus,CANNABACEAE,Hemp/Hops Family
Huperzia,LYCOPODIACEAE,Clubmoss Family
Hybanthus,VIOLACEAE,Violet Family
Hydrangea,HYDRANGEACEAE,Hydrangea Family
Hydrastis,RANUNCULACEAE,Buttercup/Crowfoot Family
Hydrilla,HYDROCHARITACEAE,Tape-Grass Family
Hydrocotyle,ARALIACEAE,Ginseng Family
Hydrolea,HYDROLEACEAE,Hydrolea Family
Hydrophyllum,BORAGINACEAE,Borage Family
Hygrophila,ACANTHACEAE,Acanthus/Bear’s-Breeches Family
Hylodesmum,FABACEAE,Legume Family
Hylotelephium,CRASSULACEAE,Stonecrop Family
Hymenocallis,AMARYLLIDACEAE,Amaryllis Family
Hymenopappus,ASTERACEAE,Aster/Composite Family
Hymenophyllum,HYMENOPHYLLACEAE,Filmy Fern Family
Hymenoxys,ASTERACEAE,Aster/Composite Family
Hypericum,HYPERICACEAE,St. John’s-Wort Family
Hypochaeris,ASTERACEAE,Aster/Composite Family
Hypolepis,DENNSTAEDTIACEAE,Bracken Fern Family
Hypopitys,ERICACEAE,Heath Family
Hypoxis,HYPOXIDACEAE,Stargrass Family
Hyptis,LAMIACEAE,Mint Family
Ilex,AQUIFOLIACEAE,Holly Family
Illicium,ILLICIACEAE,Anise-Tree Family
Impatiens,BALSAMINACEAE,Touch-Me-Not Family
Imperata,POACEAE,Grass Family
Indigofera,FABACEAE,Legume Family
Iodanthus,BRASSICACEAE,Mustard Family
Ionactis,ASTERACEAE,Aster/Composite Family
Ipomoea,CONVOLVULACEAE,Morning-Glory Family
Ipomopsis,POLEMONIACEAE,Phlox/Jacob's-Ladder Family
Iresine,AMARANTHACEAE,Amaranth Family
Iris,IRIDACEAE,Iris Family
Isoetes,ISOETACEAE,Quillwort Family
Isolepis,CYPERACEAE,Sedge Family
Isotrema,ARISTOLOCHIACEAE,Birthwort Family
Isotria,ORCHIDACEAE,Orchid Family
Itea,ITEACEAE,Sweetspire Family
Iva,ASTERACEAE,Aster/Composite Family
Jaborosa,SOLANACEAE,Nightshade/Potato Family
Jacquemontia,CONVOLVULACEAE,Morning-Glory Family
Jamesianthus,ASTERACEAE,Aster/Composite Family
Jasminum,OLEACEAE,Olive Family
Jeffersonia,BERBERIDACEAE,Barberry Family
Juglans,JUGLANDACEAE,Walnut Family
Juncus,JUNCACEAE,Rush Family
Juniperus,CUPRESSACEAE,Cypress Family
Justicia,ACANTHACEAE,Acanthus/Bear’s-Breeches Family
Kallstroemia,ZYGOPHYLLACEAE,Creosote-Bush Family
Kalmia,ERICACEAE,Heath Family
Kerria,ROSACEAE,Rose Family
Kickxia,PLANTAGINACEAE,Plantain Family
Koelreuteria,SAPINDACEAE,Soapberry Family
Kolkwitzia,LINNAEACEAE,Twinflower Family
Kosteletzkya,MALVACEAE,Mallow Family
Krigia,ASTERACEAE,Aster/Composite Family
Kummerowia,FABACEAE,Legume Family
Kyllinga,CYPERACEAE,Sedge Family
Lachnanthes,HAEMODORACEAE,Bloodwort Family
Lachnocaulon,ERIOCAULACEAE,Pipewort Family
Lackeya,FABACEAE,Legume Family
Lactuca,ASTERACEAE,Aster/Composite Family
Laennecia,ASTERACEAE,Aster/Composite Family
Lagenaria,CUCURBITACEAE,Cucumber Family
Lagerstroemia,LYTHRACEAE,Loosestrife Family
Lamiastrum,LAMIACEAE,Mint Family
Lamium,LAMIACEAE,Mint Family
Lantana,VERBENACEAE,Verbena Family
Laportea,URTICACEAE,Nettle Family
Lathyrus,FABACEAE,Legume Family
Leavenworthia,BRASSICACEAE,Mustard Family
Lechea,CISTACEAE,Rock-Rose Family
Leersia,POACEAE,Grass Family
Lemna,ARACEAE,Arum Family
Leonotis,LAMIACEAE,Mint Family
Leonurus,LAMIACEAE,Mint Family
Lepidium,BRASSICACEAE,Mustard Family
Leptochloa,POACEAE,Grass Family
Lepuropetalon,PARNASSIACEAE,Grass-of Parnassus Family
Lespedeza,FABACEAE,Legume Family
Leucanthemum,ASTERACEAE,Aster/Composite Family
Leucojum,AMARYLLIDACEAE,Amaryllis Family
Leucospora,PLANTAGINACEAE,Plantain Family
Leucothoe,ERICACEAE,Heath Family
Liatris,ASTERACEAE,Aster/Composite Family
Licania,CHRYSOBALANACEAE,Coco-Plum Family
Ligusticum,APIACEAE,Carrot/Parsley Family
Ligustrum,OLEACEAE,Olive Family
Lilaeopsis,APIACEAE,Carrot/Parsley Family
Lilium,LILIACEAE,Lily Family
Limnobium,HYDROCHARITACEAE,Tape-Grass Family
Limnodea,POACEAE,Grass Family
Limnosciadium,APIACEAE,Carrot/Parsley Family
Limonium,PLUMBAGINACEAE,Leadwort Family
Linaria,PLANTAGINACEAE,Plantain Family
Lindera,LAURACEAE,Laurel Family
Lindernia,LINDERNIACEAE,False Pimpernel Family
Linum,LINACEAE,Flax Family
Liparis,ORCHIDACEAE,Orchid Family
Lipocarpha,CYPERACEAE,Sedge Family
Liquidambar,ALTINGIACEAE,Sweet-Gum Family
Liriodendron,MAGNOLIACEAE,Magnolia Family
Liriope,RUSCACEAE,Ruscus Family
Listera,ORCHIDACEAE,Orchid Family
Lithospermum,BORAGINACEAE,Borage Family
Lobelia,CAMPANULACEAE,Bellflower Family
Lobularia,BRASSICACEAE,Mustard Family
Lolium,POACEAE,Grass Family
Lonicera,CAPRIFOLIACEAE,Honeysuckle Family
Lophiola,NARTHECIACEAE,Bog-Asphodel Family
Lotus,FABACEAE,Legume Family
Ludwigia,ONAGRACEAE,Evening-Primrose Family
Lunaria,BRASSICACEAE,Mustard Family
Lupinus,FABACEAE,Legume Family
Luziola,POACEAE,Grass Family
Luzula,JUNCACEAE,Rush Family
Lycium,SOLANACEAE,Nightshade/Potato Family
Lycopodiella,LYCOPODIACEAE,Clubmoss Family
Lycopus,LAMIACEAE,Mint Family
Lycoris,AMARYLLIDACEAE,Amaryllis Family
Lygodesmia,ASTERACEAE,Aster/Composite Family
Lygodium,LYGODIACEAE,Climbing Fern Family
Lyonia,ERICACEAE,Heath Family
Lysimachia,LYSIMACHIACEAE,Yellow-Loosestrife Family
Lythrum,LYTHRACEAE,Loosestrife Family
Maclura,MORACEAE,Mulberry Family
Macranthera,OROBANCHACEAE,Broomrape Family
Macroptilium,FABACEAE,Legume Family
Macrothelypteris,THELYPTERIDACEAE,Marsh Fern Family
Magnolia,MAGNOLIACEAE,Magnolia Family
Mahonia,BERBERIDACEAE,Barberry Family
Maianthemum,RUSCACEAE,Ruscus Family
Malaxis,ORCHIDACEAE,Orchid Family
Malus,ROSACEAE,Rose Family
Malva,MALVACEAE,Mallow Family
Malvastrum,MALVACEAE,Mallow Family
Malvaviscus,MALVACEAE,Mallow Family
Manfreda,AGAVACEAE,Century-Plant Family
Manihot,EUPHORBIACEAE,Spurge Family
Marrubium,LAMIACEAE,Mint Family
Marshallia,ASTERACEAE,Aster/Composite Family
Marsilea,MARSILEACEAE,Water-Clover Family
Matelea,APOCYNACEAE,Dogbane Family
Matricaria,ASTERACEAE,Aster/Composite Family
Mayaca,MAYACACEAE,Bog-Moss Family
Mazus,MAZACEAE,Mazus Family
Mecardonia,PLANTAGINACEAE,Plantain Family
Medeola,LILIACEAE,Lily Family
Medicago,FABACEAE,Legume Family
Megathyrsus,POACEAE,Grass Family
Melampodium,ASTERACEAE,Aster/Composite Family
Melanthera,ASTERACEAE,Aster/Composite Family
Melia,MELIACEAE,Mahogany Family
Melica,POACEAE,Grass Family
Melilotus,FABACEAE,Legume Family
Melinis,POACEAE,Grass Family
Melissa,LAMIACEAE,Mint Family
Melochia,BYTTNERIACEAE,Chocolate Family
Melothria,CUCURBITACEAE,Cucumber Family
Menispermum,MENISPERMACEAE,Moonseed Family
Mentha,LAMIACEAE,Mint Family
Mercurialis,EUPHORBIACEAE,Spurge Family
Merremia,CONVOLVULACEAE,Morning-Glory Family
Mertensia,BORAGINACEAE,Borage Family
Micranthemum,LINDERNIACEAE,False Pimpernel Family
Micranthes,SAXIFRAGACEAE,Saxifrage Family
Microstegium,POACEAE,Grass Family
Mikania,ASTERACEAE,Aster/Composite Family
Mimosa,FABACEAE,Legume Family
Mimulus,PHRYMACEAE,Lopseed Family
Minuartia,CARYOPHYLLACEAE,Pink Family
Mirabilis,NYCTAGINACEAE,Four-O'clock Family
Miscanthus,POACEAE,Grass Family
Mitchella,RUBIACEAE,Madder/Coffee Family
Mitella,SAXIFRAGACEAE,Saxifrage Family
Mitracarpus,RUBIACEAE,Madder/Coffee Family
Mitreola,LOGANIACEAE,Logania Family
Modiola,MALVACEAE,Mallow Family
Mollugo,MOLLUGINACEAE,Carpetweed Family
Momordica,CUCURBITACEAE,Cucumber Family
Monarda,LAMIACEAE,Mint Family
Monotropa,ERICACEAE,Heath Family
Monotropsis,ERICACEAE,Heath Family
Morella,MYRICACEAE,Bayberry Family
Morus,MORACEAE,Mulberry Family
Mosla,LAMIACEAE,Mint Family
Muhlenbergia,POACEAE,Grass Family
Murdannia,COMMELINACEAE,Spiderwort Family
Musa,MUSACEAE,Banana Family
Muscadinia,VITACEAE,Grape Family
Muscari,HYACINTHACEAE,Hyacinth Family
Myosotis,BORAGINACEAE,Borage Family
Myosurus,RANUNCULACEAE,Buttercup/Crowfoot Family
Myriophyllum,HALORAGACEAE,Water-Milfoil Family
Nabalus,ASTERACEAE,Aster/Composite Family
Najas,HYDROCHARITACEAE,Tape-Grass Family
Nama,BORAGINACEAE,Borage Family
Nandina,BERBERIDACEAE,Barberry Family
Narcissus,AMARYLLIDACEAE,Amaryllis Family
Nassella,POACEAE,Grass Family
Nasturtium,BRASSICACEAE,Mustard Family
Neeragrostis,POACEAE,Grass Family
Nelumbo,NELUMBONACEAE,Lotus-Lily Family
Nemastylis,IRIDACEAE,Iris Family
Nemophila,BORAGINACEAE,Borage Family
Nepeta,LAMIACEAE,Mint Family
Nephrolepis,NEPHROLEPIDACEAE,Sword Fern Family
Neptunia,FABACEAE,Legume Family
Nerium,APOCYNACEAE,Dogbane Family
Nestronia,SANTALACEAE,Sandalwood Family
Neviusia,ROSACEAE,Rose Family
Nicandra,SOLANACEAE,Nightshade/Potato Family
Nicotiana,SOLANACEAE,Nightshade/Potato Family
Nothoscordum,ALLIACEAE,Onion Family
Nuphar,NYMPHAEACEAE,Water-Lily Family
Nuttallanthus,PLANTAGINACEAE,Plantain Family
Nymphaea,NYMPHAEACEAE,Water-Lily Family
Nymphoides,MENYANTHACEAE,Buck-Bean Family
Nyssa,NYSSACEAE,Tupelo Family
Obolaria,GENTIANACEAE,Gentian Family
Oclemena,ASTERACEAE,Aster/Composite Family
Oenothera,ONAGRACEAE,Evening-Primrose Family
Oldenlandia,RUBIACEAE,Madder/Coffee Family
Onoclea,ONOCLEACEAE,Sensitive Fern Family
Onopordum,ASTERACEAE,Aster/Composite Family
Ophioglossum,OPHIOGLOSSACEAE,Adder's-Tongue Family
Ophiopogon,RUSCACEAE,Ruscus Family
Oplismenus,POACEAE,Grass Family
Opuntia,CACTACEAE,Cactus Family
Orbexilum,FABACEAE,Legume Family
Ornithogalum,HYACINTHACEAE,Hyacinth Family
Orobanche,OROBANCHACEAE,Broomrape Family
Orontium,ARACEAE,Arum Family
Osmorhiza,APIACEAE,Carrot/Parsley Family
Osmunda,OSMUNDACEAE,Royal Fern Family
Osmundastrum,OSMUNDACEAE,Royal Fern Family
Ostrya,BETULACEAE,Birch Family
Oxalis,OXALIDACEAE,Wood-Sorrel Family
Oxycaryum,CYPERACEAE,Sedge Family
Oxydendrum,ERICACEAE,Heath Family
Oxypolis,APIACEAE,Carrot/Parsley Family
Pachysandra,BUXACEAE,Boxwood Family
Packera,ASTERACEAE,Aster/Composite Family
Palhinhaea,LYCOPODIACEAE,Clubmoss Family
Panax,ARALIACEAE,Ginseng Family
Panicum,POACEAE,Grass Family
Papaver,PAPAVERACEAE,Poppy Family
Parapholis,POACEAE,Grass Family
Parathelypteris,THELYPTERIDACEAE,Marsh Fern Family
Parentucellia,OROBANCHACEAE,Broomrape Family
Parietaria,URTICACEAE,Nettle Family
Parkinsonia,FABACEAE,Legume Family
Parnassia,PARNASSIACEAE,Grass-of Parnassus Family
Paronychia,CARYOPHYLLACEAE,Pink Family
Parthenium,ASTERACEAE,Aster/Composite Family
Parthenocissus,VITACEAE,Grape Family
Pascalia,ASTERACEAE,Aster/Composite Family
Paspalum,POACEAE,Grass Family
Passiflora,PASSIFLORACEAE,Passion-Flower Family
Paulownia,PAULOWNIACEAE,Princess-Tree/Paulownia Family
Paysonia,BRASSICACEAE,Mustard Family
Pectis,ASTERACEAE,Aster/Composite Family
Pedicularis,OROBANCHACEAE,Broomrape Family
Pediomelum,FABACEAE,Legume Family
Pellaea,PTERIDACEAE,Maidenhair Family
Peltandra,ARACEAE,Arum Family
Pennisetum,POACEAE,Grass Family
Penstemon,PLANTAGINACEAE,Plantain Family
Penthorum,PENTHORACEAE,Ditch-Stonecrop Family
Perideridia,APIACEAE,Carrot/Parsley Family
Perilla,LAMIACEAE,Mint Family
Persea,LAURACEAE,Laurel Family
Persicaria,POLYGONACEAE,Buckwheat Family
Petrorhagia,CARYOPHYLLACEAE,Pink Family
Petunia,SOLANACEAE,Nightshade/Potato Family
Phacelia,BORAGINACEAE,Borage Family
Phalaris,POACEAE,Grass Family
Phanopyrum,POACEAE,Grass Family
Phaseolus,FABACEAE,Legume Family
Phegopteris,THELYPTERIDACEAE,Marsh Fern Family
Phemeranthus,MONTIACEAE,Candy-Flower Family
Philadelphus,HYDRANGEACEAE,Hydrangea Family
Phlebodium,POLYPODIACEAE,Polypody Family
Phleum,POACEAE,Grass Family
Phlox,POLEMONIACEAE,Phlox/Jacob's-Ladder Family
Phoebanthus,ASTERACEAE,Aster/Composite Family
Phoradendron,VISCACEAE,Christmas Mistletoe Family
Photinia,ROSACEAE,Rose Family
Phragmites,POACEAE,Grass Family
Phryma,PHRYMACEAE,Lopseed Family
Phyla,VERBENACEAE,Verbena Family
Phyllanthopsis,PHYLLANTHACEAE,Leaf-Flower Family
Phyllanthus,PHYLLANTHACEAE,Leaf-Flower Family
Phyllostachys,POACEAE,Grass Family
Physalis,SOLANACEAE,Nightshade/Potato Family
Physocarpus,ROSACEAE,Rose Family
Physostegia,LAMIACEAE,Mint Family
Phytolacca,PHYTOLACCACEAE,Pokeweed Family
Picris,ASTERACEAE,Aster/Composite Family
Pieris,ERICACEAE,Heath Family
Pilea,URTICACEAE,Nettle Family
Pilularia,MARSILEACEAE,Water-Clover Family
Pinguicula,LENTIBULARIACEAE,Bladderwort Family
Pinus,PINACEAE,Pine Family
Piptochaetium,POACEAE,Grass Family
Piriqueta,TURNERACEAE,Yellow-Alder Family
Pistia,ARACEAE,Arum Family
Pisum,FABACEAE,Legume Family
Pittosporum,PITTOSPORACEAE,Pittosporum Family
Pityopsis,ASTERACEAE,Aster/Composite Family
Planera,ULMACEAE,Elm Family
Planodes,BRASSICACEAE,Mustard Family
Plantago,PLANTAGINACEAE,Plantain Family
Platanthera,ORCHIDACEAE,Orchid Family
Platanus,PLATANACEAE,Plane-Tree Family
Platycladus,CUPRESSACEAE,Cypress Family
Plectocephalus,ASTERACEAE,Aster/Composite Family
Pleea,TOFIELDIACEAE,False Asphodel Family
Pleopeltis,POLYPODIACEAE,Polypody Family
Pluchea,ASTERACEAE,Aster/Composite Family
Poa,POACEAE,Grass Family
Podocarpus,PODOCARPACEAE,Yellow-Wood/Podocarpus Family
Podophyllum,BERBERIDACEAE,Barberry Family
Podostemum,PODOSTEMACEAE,Riverweed Family
Pogonia,ORCHIDACEAE,Orchid Family
Polanisia,CLEOMACEAE,Spider-Flower/Cleome Family
Polemonium,POLEMONIACEAE,Phlox/Jacob's-Ladder Family
Polycarpon,CARYOPHYLLACEAE,Pink Family
Polygala,POLYGALACEAE,Milkwort Family
Polygonatum,RUSCACEAE,Ruscus Family
Polygonum,POLYGONACEAE,Buckwheat Family
Polymnia,ASTERACEAE,Aster/Composite Family
Polypodium,POLYPODIACEAE,Polypody Family
Polypogon,POACEAE,Grass Family
Polypremum,TETRACHONDRACEAE,Tetrachondra Family
Polystichum,DRYOPTERIDACEAE,Wood Fern Family
Polytaenia,APIACEAE,Carrot/Parsley Family
Pontederia,PONTEDERIACEAE,Water-Hyacinth Family
Ponthieva,ORCHIDACEAE,Orchid Family
Populus,SALICACEAE,Willow Family
Portulaca,PORTULACACEAE,Purslane Family
Potamogeton,POTAMOGETONACEAE,Pondweed Family
Potentilla,ROSACEAE,Rose Family
Proboscidea,MARTYNIACEAE,Martynia Family
Prosartes,LILIACEAE,Lily Family
Proserpinaca,HALORAGACEAE,Water-Milfoil Family
Prunella,LAMIACEAE,Mint Family
Prunus,ROSACEAE,Rose Family
Pseudognaphalium,ASTERACEAE,Aster/Composite Family
Pseudolycopodiella,LYCOPODIACEAE,Clubmoss Family
Psilotum,PSILOTACEAE,Whisk-Fern Family
Ptelea,RUTACEAE,Citrus/Rue Family
Pteridium,DENNSTAEDTIACEAE,Bracken Fern Family
Pteris,PTERIDACEAE,Maidenhair Family
Pterocaulon,ASTERACEAE,Aster/Composite Family
Pteroglossaspis,ORCHIDACEAE,Orchid Family
Ptilimnium,APIACEAE,Carrot/Parsley Family
Pueraria,FABACEAE,Legume Family
Punica,LYTHRACEAE,Loosestrife Family
Pycnanthemum,LAMIACEAE,Mint Family
Pyracantha,ROSACEAE,Rose Family
Pyrrhopappus,ASTERACEAE,Aster/Composite Family
Pyrularia,CERVANTESIACEAE,Cervantesia Family
Pyrus,ROSACEAE,Rose Family
Quercus,FAGACEAE,Beech Family
Ranunculus,RANUNCULACEAE,Buttercup/Crowfoot Family
Raphanus,BRASSICACEAE,Mustard Family
Ratibida,ASTERACEAE,Aster/Composite Family
Reseda,RESEDACEAE,Mignonette Family
Reynoutria,POLYGONACEAE,Buckwheat Family
Rhamnus,RHAMNACEAE,Buckthorn Family
Rhapidophyllum,ARECACEAE,Palm Family
Rhexia,MELASTOMATACEAE,Melastome Family
Rhododendron,ERICACEAE,Heath Family
Rhodotypos,ROSACEAE,Rose Family
Rhus,ANACARDIACEAE,Sumac/Cashew Family
Rhynchosia,FABACEAE,Legume Family
Rhynchospora,CYPERACEAE,Sedge Family
Ribes,GROSSULARIACEAE,Gooseberry Family
Richardia,RUBIACEAE,Madder/Coffee Family
Ricinus,EUPHORBIACEAE,Spurge Family
Robinia,FABACEAE,Legume Family
Rorippa,BRASSICACEAE,Mustard Family
Rosa,ROSACEAE,Rose Family
Rostraria,POACEAE,Grass Family
Rotala,LYTHRACEAE,Loosestrife Family
Rottboellia,POACEAE,Grass Family
Rubus,ROSACEAE,Rose Family
Rudbeckia,ASTERACEAE,Aster/Composite Family
Ruellia,ACANTHACEAE,Acanthus/Bear’s-Breeches Family
Rumex,POLYGONACEAE,Buckwheat Family
Ruppia,RUPPIACEAE,Ditch-Grass Family
Sabal,ARECACEAE,Palm Family
Sabatia,GENTIANACEAE,Gentian Family
Saccharum,POACEAE,Grass Family
Sacciolepis,POACEAE,Grass Family
Sageretia,RHAMNACEAE,Buckthorn Family
Sagina,CARYOPHYLLACEAE,Pink Family
Sagittaria,ALISMATACEAE,Water-Plantain Family
Salicornia,CHENOPODIACEAE,Goosefoot Family
Salix,SALICACEAE,Willow Family
Salpichroa,SOLANACEAE,Nightshade/Potato Family
Salsola,CHENOPODIACEAE,Goosefoot Family
Salvia,LAMIACEAE,Mint Family
Salvinia,SALVINIACEAE,Floating Fern Family
Sambucus,ADOXACEAE,Muskroot/Moschatel Family
Samolus,SAMOLACEAE,Water-Pimpernel Family
Sanguinaria,PAPAVERACEAE,Poppy Family
Sanicula,APIACEAE,Carrot/Parsley Family
Sapindus,SAPINDACEAE,Soapberry Family
Saponaria,CARYOPHYLLACEAE,Pink Family
Sarcocornia,CHENOPODIACEAE,Goosefoot Family
Sarracenia,SARRACENIACEAE,Pitcher-Plant Family
Sassafras,LAURACEAE,Laurel Family
Saururus,SAURURACEAE,Lizard's-Tail Family
Scandix,APIACEAE,Carrot/Parsley Family
Sceptridium,OPHIOGLOSSACEAE,Adder's-Tongue Family
Schedonorus,POACEAE,Grass Family
Schinus,ANACARDIACEAE,Sumac/Cashew Family
Schisandra,SCHISANDRACEAE,Starvine Family
Schizachyrium,POACEAE,Grass Family
Schoenolirion,HYACINTHACEAE,Hyacinth Family
Schoenoplectus,CYPERACEAE,Sedge Family
Schwalbea,OROBANCHACEAE,Broomrape Family
Scirpus,CYPERACEAE,Sedge Family
Scleranthus,CARYOPHYLLACEAE,Pink Family
Scleria,CYPERACEAE,Sedge Family
Sclerolepis,ASTERACEAE,Aster/Composite Family
Scoparia,PLANTAGINACEAE,Plantain Family
Scrophularia,SCROPHULARIACEAE,Figwort Family
Scutellaria,LAMIACEAE,Mint Family
Secale,POACEAE,Grass Family
Securigera,FABACEAE,Legume Family
Sedum,CRASSULACEAE,Stonecrop Family
Selaginella,SELAGINELLACEAE,Spikemoss Family
Senecio,ASTERACEAE,Aster/Composite Family
Senna,FABACEAE,Legume Family
Serenoa,ARECACEAE,Palm Family
Sericocarpus,ASTERACEAE,Aster/Composite Family
Sesamum,PEDALIACEAE,Sesame Family
Sesbania,FABACEAE,Legume Family
Sesuvium,AIZOACEAE,Fig-Marigold/Ice-Plant Family
Setaria,POACEAE,Grass Family
Seutera,APOCYNACEAE,Dogbane Family
Seymeria,OROBANCHACEAE,Broomrape Family
Shortia,DIAPENSIACEAE,Diapensia Family
Sicyos,CUCURBITACEAE,Cucumber Family
Sida,MALVACEAE,Mallow Family
Sideroxylon,SAPOTACEAE,Sapodilla Family
Silene,CARYOPHYLLACEAE,Pink Family
Silphium,ASTERACEAE,Aster/Composite Family
Silybum,ASTERACEAE,Aster/Composite Family
Sinapis,BRASSICACEAE,Mustard Family
Sisymbrium,BRASSICACEAE,Mustard Family
Sisyrinchium,IRIDACEAE,Iris Family
Sium,APIACEAE,Carrot/Parsley Family
Smallanthus,ASTERACEAE,Aster/Composite Family
Smilax,SMILACACEAE,Greeenbrier Family
Smyrnium,APIACEAE,Carrot/Parsley Family
Solanum,SOLANACEAE,Nightshade/Potato Family
Solidago,ASTERACEAE,Aster/Composite Family
Soliva,ASTERACEAE,Aster/Composite Family
Sonchus,ASTERACEAE,Aster/Composite Family
Sophronanthe,PLANTAGINACEAE,Plantain Family
Sorghastrum,POACEAE,Grass Family
Sorghum,POACEAE,Grass Family
Sparganium,TYPHACEAE,Cat-Tail Family
Spartina,POACEAE,Grass Family
Spergula,CARYOPHYLLACEAE,Pink Family
Spergularia,CARYOPHYLLACEAE,Pink Family
Spermacoce,RUBIACEAE,Madder/Coffee Family
Spermolepis,APIACEAE,Carrot/Parsley Family
Sphagneticola,ASTERACEAE,Aster/Composite Family
Sphenoclea,SPHENOCLEACEAE,Chicken-Spike Family
Sphenopholis,POACEAE,Grass Family
Spigelia,LOGANIACEAE,Logania Family
Spiraea,ROSACEAE,Rose Family
Spiranthes,ORCHIDACEAE,Orchid Family
Spirodela,ARACEAE,Arum Family
Sporobolus,POACEAE,Grass Family
Stachys,LAMIACEAE,Mint Family
Stachytarpheta,VERBENACEAE,Verbena Family
Staphylea,STAPHYLEACEAE,Bladdernut Family
Stegnogramma,THELYPTERIDACEAE,Marsh Fern Family
Steinchisma,POACEAE,Grass Family
Stellaria,CARYOPHYLLACEAE,Pink Family
Stenanthium,MELANTHIACEAE,Bunchflower Family
Stenotaphrum,POACEAE,Grass Family
Stewartia,THEACEAE,Tea/Camellia Family
Stillingia,EUPHORBIACEAE,Spurge Family
Stipulicida,CARYOPHYLLACEAE,Pink Family
Stokesia,ASTERACEAE,Aster/Composite Family
Strophostyles,FABACEAE,Legume Family
Stuckenia,POTAMOGETONACEAE,Pondweed Family
Stylisma,CONVOLVULACEAE,Morning-Glory Family
Stylophorum,PAPAVERACEAE,Poppy Family
Stylosanthes,FABACEAE,Legume Family
Styrax,STYRACACEAE,Storax Family
Suaeda,CHENOPODIACEAE,Goosefoot Family
Symphoricarpos,CAPRIFOLIACEAE,Honeysuckle Family
Symphyotrichum,ASTERACEAE,Aster/Composite Family
Symplocos,SYMPLOCACEAE,Sweet-Leaf Family
Synandra,LAMIACEAE,Mint Family
Syngonanthus,ERIOCAULACEAE,Pipewort Family
Taenidia,APIACEAE,Carrot/Parsley Family
Tagetes,ASTERACEAE,Aster/Composite Family
Talinum,TALINACEAE,Fameflower Family
Tanacetum,ASTERACEAE,Aster/Composite Family
Taraxacum,ASTERACEAE,Aster/Composite Family
Tarenaya,CLEOMACEAE,Spider-Flower/Cleome Family
Taxodium,CUPRESSACEAE,Cypress Family
Tephrosia,FABACEAE,Legume Family
Ternstroemia,PENTAPHYLACACEAE,Sakaki Family
Tetragonotheca,ASTERACEAE,Aster/Composite Family
Tetrapanax,ARALIACEAE,Ginseng Family
Teucrium,LAMIACEAE,Mint Family
Thalassia,HYDROCHARITACEAE,Tape-Grass Family
Thalia,MARANTACEAE,Arrowroot Family
Thalictrum,RANUNCULACEAE,Buttercup/Crowfoot Family
Thaspium,APIACEAE,Carrot/Parsley Family
Thelesperma,ASTERACEAE,Aster/Composite Family
Thelypteris,THELYPTERIDACEAE,Marsh Fern Family
Thermopsis,FABACEAE,Legume Family
Thlaspi,BRASSICACEAE,Mustard Family
Thunbergia,ACANTHACEAE,Acanthus/Bear’s-Breeches Family
Thymelaea,THYMELAEACEAE,Mezereum Family
Thymophylla,ASTERACEAE,Aster/Composite Family
Tiarella,SAXIFRAGACEAE,Saxifrage Family
Tilia,TILIACEAE,Linden Family
Tillandsia,BROMELIACEAE,Pineapple Family
Tipularia,ORCHIDACEAE,Orchid Family
Torilis,APIACEAE,Carrot/Parsley Family
Toxicodendron,ANACARDIACEAE,Sumac/Cashew Family
Trachelospermum,APOCYNACEAE,Dogbane Family
Tradescantia,COMMELINACEAE,Spiderwort Family
Tragia,EUPHORBIACEAE,Spurge Family
Tragopogon,ASTERACEAE,Aster/Composite Family
Trautvetteria,RANUNCULACEAE,Buttercup/Crowfoot Family
Trepocarpus,APIACEAE,Carrot/Parsley Family
Triadenum,HYPERICACEAE,St. John’s-Wort Family
Triadica,EUPHORBIACEAE,Spurge Family
Triantha,TOFIELDIACEAE,False Asphodel Family
Trianthema,AIZOACEAE,Fig-Marigold/Ice-Plant Family
Tribulus,ZYGOPHYLLACEAE,Creosote-Bush Family
Trichostema,LAMIACEAE,Mint Family
Tridens,POACEAE,Grass Family
Trifolium,FABACEAE,Legume Family
Triglochin,JUNCAGINACEAE,Arrow-Grass Family
Trilisa,ASTERACEAE,Aster/Composite Family
Trillium,MELANTHIACEAE,Bunchflower Family
Triodanis,CAMPANULACEAE,Bellflower Family
Triosteum,CAPRIFOLIACEAE,Honeysuckle Family
Triphora,ORCHIDACEAE,Orchid Family
Triplasis,POACEAE,Grass Family
Tripleurospermum,ASTERACEAE,Aster/Composite Family
Tripsacum,POACEAE,Grass Family
Trisetum,POACEAE,Grass Family
Tristagma,ALLIACEAE,Onion Family
Triticum,POACEAE,Grass Family
Triumfetta,TILIACEAE,Linden Family
Tsuga,PINACEAE,Pine Family
Tulipa,LILIACEAE,Lily Family
Typha,TYPHACEAE,Cat-Tail Family
Ulmus,ULMACEAE,Elm Family
Uniola,POACEAE,Grass Family
Urena,MALVACEAE,Mallow Family
Urochloa,POACEAE,Grass Family
Urtica,URTICACEAE,Nettle Family
Utricularia,LENTIBULARIACEAE,Bladderwort Family
Uvularia,COLCHICACEAE,Meadow Saffron/Autumn Crocus Family
Vaccaria,CARYOPHYLLACEAE,Pink Family
Vaccinium,ERICACEAE,Heath Family
Vachellia,FABACEAE,Legume Family
Valeriana,VALERIANACEAE,Valerian Family
Valerianella,VALERIANACEAE,Valerian Family
Vallisneria,HYDROCHARITACEAE,Tape-Grass Family
Vandenboschia,HYMENOPHYLLACEAE,Filmy Fern Family
Veratrum,MELANTHIACEAE,Bunchflower Family
Verbascum,SCROPHULARIACEAE,Figwort Family
Verbena,VERBENACEAE,Verbena Family
Verbesina,ASTERACEAE,Aster/Composite Family
Vernicia,EUPHORBIACEAE,Spurge Family
Vernonia,ASTERACEAE,Aster/Composite Family
Veronica,PLANTAGINACEAE,Plantain Family
Veronicastrum,PLANTAGINACEAE,Plantain Family
Viburnum,ADOXACEAE,Muskroot/Moschatel Family
Vicia,FABACEAE,Legume Family
Vigna,FABACEAE,Legume Family
Vinca,APOCYNACEAE,Dogbane Family
Viola,VIOLACEAE,Violet Family
Vitex,LAMIACEAE,Mint Family
Vitis,VITACEAE,Grape Family
Vittaria,PTERIDACEAE,Maidenhair Family
Vulpia,POACEAE,Grass Family
Wahlenbergia,CAMPANULACEAE,Bellflower Family
Waltheria,BYTTNERIACEAE,Chocolate Family
Warea,BRASSICACEAE,Mustard Family
Wisteria,FABACEAE,Legume Family
Wolffia,ARACEAE,Arum Family
Wolffiella,ARACEAE,Arum Family
Woodsia,WOODSIACEAE,Cliff-Fern Family
Woodwardia,BLECHNACEAE,Chain Fern Family
Xanthium,ASTERACEAE,Aster/Composite Family
Xanthorhiza,RANUNCULACEAE,Buttercup/Crowfoot Family
Xanthosoma,ARACEAE,Arum Family
Xerophyllum,MELANTHIACEAE,Bunchflower Family
Xyris,XYRIDACEAE,Yellow-Eyed-Grass Family
Yeatesia,ACANTHACEAE,Acanthus/Bear’s-Breeches Family
Youngia,ASTERACEAE,Aster/Composite Family
Yucca,AGAVACEAE,Century-Plant Family
Zannichellia,ZANNICHELLIACEAE,Horned Pondweed Family
Zanthoxylum,RUTACEAE,Citrus/Rue Family
Zea,POACEAE,Grass Family
Zephyranthes,AMARYLLIDACEAE,Amaryllis Family
Zeuxine,ORCHIDACEAE,Orchid Family
Zigadenus,MELANTHIACEAE,Bunchflower Family
Zinnia,ASTERACEAE,Aster/Composite Family
Zizania,POACEAE,Grass Family
Zizaniopsis,POACEAE,Grass Family
Zizia,APIACEAE,Carrot/Parsley Family
Ziziphus,RHAMNACEAE,Buckthorn Family
Zornia,FABACEAE,Legume Family
Zoysia,POACEAE,Grass Family
